epoch,train_loss,val_loss,lr,seconds
1,0.009311,0.008479,3.500000e-04,556.613
2,0.006474,0.009658,3.500000e-04,554.461
3,0.005992,0.012237,3.500000e-04,546.113
